<?xml version="1.0" encoding="UTF-8"?>
<project-private xmlns="http://www.netbeans.org/ns/project-private/1">
    <editor-bookmarks xmlns="http://www.netbeans.org/ns/editor-bookmarks/2" lastBookmarkId="0"/>
    <open-files xmlns="http://www.netbeans.org/ns/projectui-open-files/2">
        <group>
            <file>file:/C:/Users/Kacey/Documents/NetBeansProjects/BOM%20vector/src/bom/vector/InvertedIndex.java</file>
            <file>file:/C:/Users/Kacey/Documents/NetBeansProjects/BOM%20vector/src/bom/vector/WordCount.java</file>
            <file>file:/C:/Users/Kacey/Documents/NetBeansProjects/BOM%20vector/src/bom/vector/WordObject.java</file>
            <file>file:/C:/Users/Kacey/Documents/NetBeansProjects/BOM%20vector/src/bom/vector/BOMVector.java</file>
        </group>
    </open-files>
</project-private>
